TRAIN,drive/MyDrive/Colab Notebooks/processed/image_blue_dark_1.jpg,blue,0.4546875,0.6333333333,,,0.6140625,0.85
TRAIN,drive/MyDrive/Colab Notebooks/processed/image_blue_dark_2.jpg,blue,0.784375,0.6416666667,,,0.9546875,0.8541666667
TRAIN,drive/MyDrive/Colab Notebooks/processed/image_blue_dark_3.jpg,blue,0.0953125,0.63125,,,0.2546875,0.85
TRAIN,drive/MyDrive/Colab Notebooks/processed/image_blue_dark_4.jpg,blue,0.4109375,0.6958333333,,,0.6234375,0.9875
TRAIN,drive/MyDrive/Colab Notebooks/processed/image_blue_dark_5.jpg,blue,0.115625,0.6791666667,,,0.31875,0.95625
TRAIN,drive/MyDrive/Colab Notebooks/processed/image_blue_dark_6.jpg,blue,0.434375,0.61875,,,0.575,0.8083333333
TRAIN,drive/MyDrive/Colab Notebooks/processed/image_blue_dark_7.jpg,blue,0.1171875,0.6625,,,0.303125,0.9166666667
VALIDATE,drive/MyDrive/Colab Notebooks/processed/image_blue_dark_8.jpg,blue,0.61875,0.6645833333,,,0.80625,0.9104166667
TRAIN,drive/MyDrive/Colab Notebooks/processed/image_blue_dark_9.jpg,blue,0.3921875,0.73125,,,0.5265625,0.9166666667
TRAIN,drive/MyDrive/Colab Notebooks/processed/image_blue_dark_10.jpg,blue,0.6078125,0.7625,,,0.775,0.9854166667
TRAIN,drive/MyDrive/Colab Notebooks/processed/image_blue_dark_11.jpg,blue,0.7578125,0.7604166667,,,0.9296875,0.9833333333
TRAIN,drive/MyDrive/Colab Notebooks/processed/image_blue_dark_12.jpg,blue,0.71875,0.73125,,,0.8640625,0.9208333333
TRAIN,drive/MyDrive/Colab Notebooks/processed/image_blue_dark_13.jpg,blue,0.3390625,0.7729166667,,,0.509375,0.9979166667
TRAIN,drive/MyDrive/Colab Notebooks/processed/image_blue_dark_14.jpg,blue,0.159375,0.75,,,0.3109375,0.9520833333
TRAIN,drive/MyDrive/Colab Notebooks/processed/image_blue_dark_15.jpg,blue,0.2578125,0.7666666667,,,0.4265625,1
VALIDATE,drive/MyDrive/Colab Notebooks/processed/image_blue_dark_16.jpg,blue,0.4640625,0.75625,,,0.621875,0.96875
TRAIN,drive/MyDrive/Colab Notebooks/processed/image_blue_dark_17.jpg,blue,0.5984375,0.7375,,,0.74375,0.9333333333
TRAIN,drive/MyDrive/Colab Notebooks/processed/image_blue_dark_18.jpg,blue,0.5625,0.7166666667,,,0.6859375,0.88125
TRAIN,drive/MyDrive/Colab Notebooks/processed/image_blue_dark_19.jpg,blue,0.728125,0.7208333333,,,0.85625,0.8770833333
VALIDATE,drive/MyDrive/Colab Notebooks/processed/image_blue_dark_20.jpg,blue,0.3625,0.7270833333,,,0.4859375,0.8916666667
TRAIN,drive/MyDrive/Colab Notebooks/processed/image_blue_dark_21.jpg,blue,0.10625,0.7333333333,,,0.246875,0.9166666667
TRAIN,drive/MyDrive/Colab Notebooks/processed/image_blue_dark_22.jpg,blue,0.1484375,0.7625,,,0.315625,0.9770833333
TRAIN,drive/MyDrive/Colab Notebooks/processed/image_blue_dark_23.jpg,blue,0.3234375,0.7520833333,,,0.4796875,0.9583333333
TRAIN,drive/MyDrive/Colab Notebooks/processed/image_blue_dark_24.jpg,blue,0.51875,0.7520833333,,,0.675,0.95625
TRAIN,drive/MyDrive/Colab Notebooks/processed/image_blue_dark_25.jpg,blue,0.4046875,0.75,,,0.559375,0.9583333333
TRAIN,drive/MyDrive/Colab Notebooks/processed/image_blue_dark_26.jpg,blue,0.7453125,0.7479166667,,,0.903125,0.9625
VALIDATE,drive/MyDrive/Colab Notebooks/processed/image_blue_dark_27.jpg,blue,0.7578125,0.71875,,,0.8859375,0.8833333333
TRAIN,drive/MyDrive/Colab Notebooks/processed/image_blue_dark_28.jpg,blue,0.5875,0.7145833333,,,0.7203125,0.8875
TRAIN,drive/MyDrive/Colab Notebooks/processed/image_blue_dark_29.jpg,blue,0.378125,0.71875,,,0.5,0.88125
TRAIN,drive/MyDrive/Colab Notebooks/processed/image_blue_dark_30.jpg,blue,0.1046875,0.73125,,,0.2421875,0.9208333333
TRAIN,drive/MyDrive/Colab Notebooks/processed/image_green_dark_1.jpg,green,0.8015625,0.6208333333,,,0.953125,0.8104166667
TRAIN,drive/MyDrive/Colab Notebooks/processed/image_green_dark_2.jpg,green,0.6859375,0.6166666667,,,0.8359375,0.8145833333
TRAIN,drive/MyDrive/Colab Notebooks/processed/image_green_dark_3.jpg,green,0.5625,0.6458333333,,,0.7328125,0.8791666667
TRAIN,drive/MyDrive/Colab Notebooks/processed/image_green_dark_4.jpg,green,0.1328125,0.61875,,,0.2828125,0.81875
TRAIN,drive/MyDrive/Colab Notebooks/processed/image_green_dark_5.jpg,green,0.2078125,0.6875,,,0.4234375,0.9708333333
TRAIN,drive/MyDrive/Colab Notebooks/processed/image_green_dark_6.jpg,green,0.6375,0.6854166667,,,0.8421875,0.9604166667
VALIDATE,drive/MyDrive/Colab Notebooks/processed/image_green_dark_7.jpg,green,0.7078125,0.6791666667,,,0.9125,0.9458333333
TRAIN,drive/MyDrive/Colab Notebooks/processed/image_green_dark_8.jpg,green,0.23125,0.6645833333,,,0.421875,0.925
TRAIN,drive/MyDrive/Colab Notebooks/processed/image_green_dark_9.jpg,green,0.165625,0.6916666667,,,0.38125,0.98125
TRAIN,drive/MyDrive/Colab Notebooks/processed/image_green_dark_10.jpg,green,0.1953125,0.6375,,,0.3640625,0.8458333333
TRAIN,drive/MyDrive/Colab Notebooks/processed/image_green_dark_11.jpg,green,0.6234375,0.6708333333,,,0.821875,0.9375
TRAIN,drive/MyDrive/Colab Notebooks/processed/image_green_dark_12.jpg,green,0.0984375,0.73125,,,0.228125,0.9
TRAIN,drive/MyDrive/Colab Notebooks/processed/image_green_dark_13.jpg,green,0.2109375,0.7229166667,,,0.3421875,0.8958333333
TRAIN,drive/MyDrive/Colab Notebooks/processed/image_green_dark_14.jpg,green,0.340625,0.7208333333,,,0.4640625,0.8895833333
TRAIN,drive/MyDrive/Colab Notebooks/processed/image_green_dark_15.jpg,green,0.5328125,0.7166666667,,,0.6625,0.8895833333
TRAIN,drive/MyDrive/Colab Notebooks/processed/image_green_dark_16.jpg,green,0.66875,0.71875,,,0.7953125,0.88125
TRAIN,drive/MyDrive/Colab Notebooks/processed/image_green_dark_17.jpg,green,0.7578125,0.7208333333,,,0.896875,0.8916666667
TRAIN,drive/MyDrive/Colab Notebooks/processed/image_green_dark_18.jpg,green,0.76875,0.74375,,,0.925,0.9416666667
TRAIN,drive/MyDrive/Colab Notebooks/processed/image_green_dark_19.jpg,green,0.59375,0.7458333333,,,0.7484375,0.9520833333
TRAIN,drive/MyDrive/Colab Notebooks/processed/image_green_dark_20.jpg,green,0.403125,0.7520833333,,,0.5578125,0.9604166667
VALIDATE,drive/MyDrive/Colab Notebooks/processed/image_green_dark_21.jpg,green,0.2328125,0.75625,,,0.3984375,0.9708333333
TRAIN,drive/MyDrive/Colab Notebooks/processed/image_green_dark_22.jpg,green,0.01875,0.7791666667,,,0.1953125,0.9979166667
TRAIN,drive/MyDrive/Colab Notebooks/processed/image_green_dark_23.jpg,green,0.159375,0.7833333333,,,0.3546875,1
VALIDATE,drive/MyDrive/Colab Notebooks/processed/image_green_dark_24.jpg,green,0.4125,0.7645833333,,,0.5859375,0.9979166667
TRAIN,drive/MyDrive/Colab Notebooks/processed/image_green_dark_25.jpg,green,0.6171875,0.7625,,,0.790625,0.99375
TRAIN,drive/MyDrive/Colab Notebooks/processed/image_green_dark_26.jpg,green,0.7734375,0.7625,,,0.946875,0.9875
VALIDATE,drive/MyDrive/Colab Notebooks/processed/image_green_dark_27.jpg,green,0.590625,0.7458333333,,,0.7484375,0.9479166667
TRAIN,drive/MyDrive/Colab Notebooks/processed/image_green_dark_28.jpg,green,0.2453125,0.73125,,,0.3921875,0.9291666667
TRAIN,drive/MyDrive/Colab Notebooks/processed/image_green_dark_29.jpg,green,0.0921875,0.7375,,,0.2359375,0.925
TRAIN,drive/MyDrive/Colab Notebooks/processed/image_green_dark_30.jpg,green,0.26875,0.7583333333,,,0.4359375,0.9791666667
TRAIN,drive/MyDrive/Colab Notebooks/processed/image_green_dark_31.jpg,green,0.39375,0.7645833333,,,0.5640625,0.9979166667
TRAIN,drive/MyDrive/Colab Notebooks/processed/image_green_dark_32.jpg,green,0.5625,0.7583333333,,,0.7265625,0.9875
TRAIN,drive/MyDrive/Colab Notebooks/processed/image_pink_dark_1.jpg,pink,0.09375,0.63125,,,0.259375,0.8354166667
TRAIN,drive/MyDrive/Colab Notebooks/processed/image_pink_dark_2.jpg,pink,0.096875,0.63125,,,0.2546875,0.8333333333
VALIDATE,drive/MyDrive/Colab Notebooks/processed/image_pink_dark_3.jpg,pink,0.2484375,0.625,,,0.403125,0.8416666667
TRAIN,drive/MyDrive/Colab Notebooks/processed/image_pink_dark_4.jpg,pink,0.509375,0.6270833333,,,0.665625,0.84375
TRAIN,drive/MyDrive/Colab Notebooks/processed/image_pink_dark_5.jpg,pink,0.7296875,0.6270833333,,,0.89375,0.84375
TRAIN,drive/MyDrive/Colab Notebooks/processed/image_pink_dark_6.jpg,pink,0.628125,0.6979166667,,,0.8546875,0.9979166667
TRAIN,drive/MyDrive/Colab Notebooks/processed/image_pink_dark_7.jpg,pink,0.121875,0.6895833333,,,0.3390625,0.975
TRAIN,drive/MyDrive/Colab Notebooks/processed/image_pink_dark_8.jpg,pink,0.7328125,0.6125,,,0.8765625,0.8020833333
TRAIN,drive/MyDrive/Colab Notebooks/processed/image_pink_dark_9.jpg,pink,0.2796875,0.60625,,,0.415625,0.7854166667
TRAIN,drive/MyDrive/Colab Notebooks/processed/image_pink_dark_12.jpg,pink,0.5640625,0.75625,,,0.728125,0.9875
TRAIN,drive/MyDrive/Colab Notebooks/processed/image_pink_dark_13.jpg,pink,0.378125,0.76875,,,0.553125,1
TRAIN,drive/MyDrive/Colab Notebooks/processed/image_pink_dark_14.jpg,pink,0.23125,0.7645833333,,,0.3984375,0.99375
TRAIN,drive/MyDrive/Colab Notebooks/processed/image_pink_dark_15.jpg,pink,0.0078125,0.7729166667,,,0.1828125,0.9979166667
TRAIN,drive/MyDrive/Colab Notebooks/processed/image_pink_dark_16.jpg,pink,0.0578125,0.7520833333,,,0.20625,0.9479166667
TRAIN,drive/MyDrive/Colab Notebooks/processed/image_pink_dark_17.jpg,pink,0.1078125,0.73125,,,0.2390625,0.9020833333
TRAIN,drive/MyDrive/Colab Notebooks/processed/image_pink_dark_18.jpg,pink,0.2109375,0.7229166667,,,0.3390625,0.89375
TRAIN,drive/MyDrive/Colab Notebooks/processed/image_pink_dark_19.jpg,pink,0.203125,0.74375,,,0.3484375,0.9395833333
TRAIN,drive/MyDrive/Colab Notebooks/processed/image_pink_dark_20.jpg,pink,0.2796875,0.7520833333,,,0.434375,0.96875
TRAIN,drive/MyDrive/Colab Notebooks/processed/image_pink_dark_21.jpg,pink,0.4484375,0.7291666667,,,0.58125,0.9166666667
TRAIN,drive/MyDrive/Colab Notebooks/processed/image_pink_dark_22.jpg,pink,0.3296875,0.7229166667,,,0.453125,0.8916666667
TRAIN,drive/MyDrive/Colab Notebooks/processed/image_pink_dark_23.jpg,pink,0.5359375,0.75625,,,0.696875,0.9875
TRAIN,drive/MyDrive/Colab Notebooks/processed/image_pink_dark_24.jpg,pink,0.734375,0.7541666667,,,0.903125,0.98125
TRAIN,drive/MyDrive/Colab Notebooks/processed/image_pink_dark_27.jpg,pink,0.7140625,0.7458333333,,,0.86875,0.9520833333
TRAIN,drive/MyDrive/Colab Notebooks/processed/image_pink_dark_28.jpg,pink,0.665625,0.7125,,,0.796875,0.8854166667
TRAIN,drive/MyDrive/Colab Notebooks/processed/image_pink_dark_29.jpg,pink,0.78125,0.71875,,,0.9171875,0.8916666667
TRAIN,drive/MyDrive/Colab Notebooks/processed/image_pink_dark_30.jpg,pink,0.790625,0.7333333333,,,0.9390625,0.9270833333
TRAIN,drive/MyDrive/Colab Notebooks/processed/image_pink_dark_31.jpg,pink,0.6734375,0.7270833333,,,0.8140625,0.9166666667
TRAIN,drive/MyDrive/Colab Notebooks/processed/image_pink_dark_32.jpg,pink,0.4640625,0.725,,,0.59375,0.8979166667
TRAIN,drive/MyDrive/Colab Notebooks/processed/image_pink_dark_34.jpg,pink,0.534375,0.7166666667,,,0.6640625,0.89375
TRAIN,drive/MyDrive/Colab Notebooks/processed/image_pink_dark_35.jpg,pink,0.3484375,0.7541666667,,,0.5078125,0.975
TRAIN,drive/MyDrive/Colab Notebooks/processed/image_pink_dark_36.jpg,pink,0.4734375,0.7583333333,,,0.6359375,0.9791666667
TRAIN,drive/MyDrive/Colab Notebooks/processed/image_pink_dark_37.jpg,pink,0.6078125,0.75625,,,0.7734375,0.9895833333
TRAIN,drive/MyDrive/Colab Notebooks/processed/image_red_dark_1.jpg,red,0.61875,0.65625,,,0.8015625,0.9083333333
TRAIN,drive/MyDrive/Colab Notebooks/processed/image_red_dark_2.jpg,red,0.2203125,0.6354166667,,,0.3828125,0.85
TRAIN,drive/MyDrive/Colab Notebooks/processed/image_red_dark_3.jpg,red,0.2875,0.6083333333,,,0.4203125,0.7833333333
TRAIN,drive/MyDrive/Colab Notebooks/processed/image_red_dark_4.jpg,red,0.0765625,0.61875,,,0.228125,0.8145833333
VALIDATE,drive/MyDrive/Colab Notebooks/processed/image_red_dark_5.jpg,red,0.378125,0.675,,,0.5703125,0.9541666667
TRAIN,drive/MyDrive/Colab Notebooks/processed/image_red_dark_6.jpg,red,0.690625,0.6979166667,,,0.9140625,0.9875
TRAIN,drive/MyDrive/Colab Notebooks/processed/image_red_dark_7.jpg,red,0.734375,0.6479166667,,,0.909375,0.8791666667
TRAIN,drive/MyDrive/Colab Notebooks/processed/image_red_dark_8.jpg,red,0.5875,0.6229166667,,,0.7375,0.825
VALIDATE,drive/MyDrive/Colab Notebooks/processed/image_red_dark_9.jpg,red,0.396875,0.6916666667,,,0.603125,0.9833333333
TRAIN,drive/MyDrive/Colab Notebooks/processed/image_red_dark_10.jpg,red,0.8078125,0.6208333333,,,0.953125,0.8104166667
TRAIN,drive/MyDrive/Colab Notebooks/processed/image_red_dark_11.jpg,red,0.459375,0.7416666667,,,0.6,0.9395833333
TRAIN,drive/MyDrive/Colab Notebooks/processed/image_red_dark_12.jpg,red,0.171875,0.75625,,,0.3328125,0.9729166667
VALIDATE,drive/MyDrive/Colab Notebooks/processed/image_red_dark_13.jpg,red,0.165625,0.73125,,,0.303125,0.90625
TRAIN,drive/MyDrive/Colab Notebooks/processed/image_red_dark_14.jpg,red,0.7890625,0.7145833333,,,0.921875,0.8895833333
TRAIN,drive/MyDrive/Colab Notebooks/processed/image_red_dark_15.jpg,red,0.6140625,0.7666666667,,,0.790625,0.9979166667
VALIDATE,drive/MyDrive/Colab Notebooks/processed/image_red_dark_16.jpg,red,0.35,0.7729166667,,,0.5234375,1
TRAIN,drive/MyDrive/Colab Notebooks/processed/image_red_dark_17.jpg,red,0.296875,0.7354166667,,,0.4359375,0.9270833333
TRAIN,drive/MyDrive/Colab Notebooks/processed/image_red_dark_18.jpg,red,0.609375,0.7229166667,,,0.7390625,0.89375
TRAIN,drive/MyDrive/Colab Notebooks/processed/image_red_dark_19.jpg,red,0.50625,0.7145833333,,,0.6296875,0.8875
VALIDATE,drive/MyDrive/Colab Notebooks/processed/image_red_dark_20.jpg,red,0.0640625,0.7375,,,0.1984375,0.9104166667
TRAIN,drive/MyDrive/Colab Notebooks/processed/image_red_dark_21.jpg,red,0.053125,0.7520833333,,,0.209375,0.95625
TRAIN,drive/MyDrive/Colab Notebooks/processed/image_red_dark_22.jpg,red,0.1421875,0.75625,,,0.303125,0.9666666667
TRAIN,drive/MyDrive/Colab Notebooks/processed/image_red_dark_23.jpg,red,0.8109375,0.7520833333,,,0.98125,0.9645833333
TRAIN,drive/MyDrive/Colab Notebooks/processed/image_red_dark_24.jpg,red,0.7171875,0.725,,,0.8625,0.9166666667
TRAIN,drive/MyDrive/Colab Notebooks/processed/image_red_dark_25.jpg,red,0.334375,0.7333333333,,,0.4734375,0.91875
TRAIN,drive/MyDrive/Colab Notebooks/processed/image_red_dark_26.jpg,red,0.4453125,0.7291666667,,,0.5796875,0.9208333333
TRAIN,drive/MyDrive/Colab Notebooks/processed/image_red_dark_27.jpg,red,0.58125,0.75625,,,0.7375,0.975
TRAIN,drive/MyDrive/Colab Notebooks/processed/image_red_dark_28.jpg,red,0.30625,0.7625,,,0.46875,0.9875
TRAIN,drive/MyDrive/Colab Notebooks/processed/image_yellow_dark_1.jpg,yellow,0.4171875,0.6166666667,,,0.5625,0.8145833333
TRAIN,drive/MyDrive/Colab Notebooks/processed/image_yellow_dark_2.jpg,yellow,0.61875,0.6791666667,,,0.825,0.9583333333
TRAIN,drive/MyDrive/Colab Notebooks/processed/image_yellow_dark_3.jpg,yellow,0.090625,0.6645833333,,,0.2828125,0.9208333333
TRAIN,drive/MyDrive/Colab Notebooks/processed/image_yellow_dark_4.jpg,yellow,0.090625,0.6145833333,,,0.234375,0.8020833333
TRAIN,drive/MyDrive/Colab Notebooks/processed/image_yellow_dark_5.jpg,yellow,0.340625,0.60625,,,0.471875,0.79375
TRAIN,drive/MyDrive/Colab Notebooks/processed/image_yellow_dark_6.jpg,yellow,0.79375,0.6083333333,,,0.9453125,0.7979166667
TRAIN,drive/MyDrive/Colab Notebooks/processed/image_yellow_dark_7.jpg,yellow,0.76875,0.6416666667,,,0.95,0.8729166667
TRAIN,drive/MyDrive/Colab Notebooks/processed/image_yellow_dark_8.jpg,yellow,0.75,0.7,,,0.9859375,0.99375
TRAIN,drive/MyDrive/Colab Notebooks/processed/image_yellow_dark_9.jpg,yellow,0.53125,0.6625,,,0.7140625,0.91875
TRAIN,drive/MyDrive/Colab Notebooks/processed/image_yellow_dark_10.jpg,yellow,0.321875,0.7541666667,,,0.478125,0.975
TRAIN,drive/MyDrive/Colab Notebooks/processed/image_yellow_dark_11.jpg,yellow,0.6078125,0.7541666667,,,0.7734375,0.9791666667
TRAIN,drive/MyDrive/Colab Notebooks/processed/image_yellow_dark_12.jpg,yellow,0.6,0.7208333333,,,0.73125,0.8979166667
TRAIN,drive/MyDrive/Colab Notebooks/processed/image_yellow_dark_13.jpg,yellow,0.5578125,0.725,,,0.69375,0.9104166667
TRAIN,drive/MyDrive/Colab Notebooks/processed/image_yellow_dark_14.jpg,yellow,0.0796875,0.7666666667,,,0.246875,0.9875
TRAIN,drive/MyDrive/Colab Notebooks/processed/image_yellow_dark_15.jpg,yellow,0.121875,0.7395833333,,,0.2703125,0.9395833333
TRAIN,drive/MyDrive/Colab Notebooks/processed/image_yellow_dark_16.jpg,yellow,0.221875,0.7270833333,,,0.3609375,0.9125
TRAIN,drive/MyDrive/Colab Notebooks/processed/image_yellow_dark_17.jpg,yellow,0.1078125,0.7375,,,0.2484375,0.9208333333
TRAIN,drive/MyDrive/Colab Notebooks/processed/image_yellow_dark_18.jpg,yellow,0.284375,0.75625,,,0.4484375,0.9854166667
TRAIN,drive/MyDrive/Colab Notebooks/processed/image_yellow_dark_19.jpg,yellow,0.6328125,0.7604166667,,,0.8,0.9875
TRAIN,drive/MyDrive/Colab Notebooks/processed/image_yellow_dark_20.jpg,yellow,0.325,0.7208333333,,,0.4546875,0.9
TRAIN,drive/MyDrive/Colab Notebooks/processed/image_yellow_dark_21.jpg,yellow,0.2078125,0.73125,,,0.35,0.9145833333
TRAIN,drive/MyDrive/Colab Notebooks/processed/image_yellow_dark_22.jpg,yellow,0.228125,0.74375,,,0.3765625,0.9375
TRAIN,drive/MyDrive/Colab Notebooks/processed/image_yellow_dark_23.jpg,yellow,0.565625,0.7645833333,,,0.7359375,1
TRAIN,drive/MyDrive/Colab Notebooks/processed/image_yellow_dark_24.jpg,yellow,0.790625,0.7583333333,,,0.9703125,0.9875
TRAIN,drive/MyDrive/Colab Notebooks/processed/image_yellow_dark_25.jpg,yellow,0.5171875,0.7229166667,,,0.65,0.9020833333
TRAIN,drive/MyDrive/Colab Notebooks/processed/image_yellow_dark_26.jpg,yellow,0.346875,0.7666666667,,,0.5140625,0.99375
TRAIN,drive/MyDrive/Colab Notebooks/processed/image_yellow_dark_27.jpg,yellow,0.384375,0.7375,,,0.528125,0.9333333333
TRAIN,drive/MyDrive/Colab Notebooks/processed/image_yellow_dark_28.jpg,yellow,0.3203125,0.725,,,0.4546875,0.9104166667
TRAIN,drive/MyDrive/Colab Notebooks/processed/image_blue_bright_1.jpg,blue,0.4390625,0.5854166667,,,0.6125,0.8083333333
TRAIN,drive/MyDrive/Colab Notebooks/processed/image_blue_bright_2.jpg,blue,0.1,0.5770833333,,,0.2734375,0.7979166667
TRAIN,drive/MyDrive/Colab Notebooks/processed/image_blue_bright_3.jpg,blue,0.1953125,0.5958333333,,,0.3875,0.8520833333
TRAIN,drive/MyDrive/Colab Notebooks/processed/image_blue_bright_4.jpg,blue,0.5484375,0.6604166667,,,0.75,0.9479166667
TRAIN,drive/MyDrive/Colab Notebooks/processed/image_blue_bright_5.jpg,blue,0.44375,0.6458333333,,,0.64375,0.9333333333
TRAIN,drive/MyDrive/Colab Notebooks/processed/image_blue_bright_6.jpg,blue,0.3921875,0.6333333333,,,0.5890625,0.9229166667
TRAIN,drive/MyDrive/Colab Notebooks/processed/image_blue_bright_7.jpg,blue,0.5015625,0.6375,,,0.7015625,0.9270833333
TRAIN,drive/MyDrive/Colab Notebooks/processed/image_blue_bright_8.jpg,blue,0.590625,0.575,,,0.7984375,0.8625
TRAIN,drive/MyDrive/Colab Notebooks/processed/image_blue_bright_9.jpg,blue,0.759375,0.61875,,,0.971875,0.9166666667
TRAIN,drive/MyDrive/Colab Notebooks/processed/image_blue_bright_10.jpg,blue,0.3984375,0.55625,,,0.5984375,0.8395833333
VALIDATE,drive/MyDrive/Colab Notebooks/processed/image_blue_bright_11.jpg,blue,0.2984375,0.4666666667,,,0.503125,0.7541666667
TRAIN,drive/MyDrive/Colab Notebooks/processed/image_blue_bright_12.jpg,blue,0.20625,0.6270833333,,,0.425,0.9375
TRAIN,drive/MyDrive/Colab Notebooks/processed/image_blue_bright_13.jpg,blue,0.1359375,0.5458333333,,,0.3546875,0.84375
TRAIN,drive/MyDrive/Colab Notebooks/processed/image_blue_bright_14.jpg,blue,0.4484375,0.46875,,,0.653125,0.7541666667
TRAIN,drive/MyDrive/Colab Notebooks/processed/image_blue_bright_15.jpg,blue,0.459375,0.54375,,,0.665625,0.8229166667
TRAIN,drive/MyDrive/Colab Notebooks/processed/image_blue_bright_16.jpg,blue,0.3390625,0.6270833333,,,0.546875,0.9208333333
TRAIN,drive/MyDrive/Colab Notebooks/processed/image_blue_bright_17.jpg,blue,0.3171875,0.6708333333,,,0.5328125,0.975
TRAIN,drive/MyDrive/Colab Notebooks/processed/image_blue_bright_18.jpg,blue,0.2078125,0.6645833333,,,0.4296875,0.9791666667
TRAIN,drive/MyDrive/Colab Notebooks/processed/image_blue_bright_19.jpg,blue,0.4390625,0.4916666667,,,0.7140625,0.8770833333
TRAIN,drive/MyDrive/Colab Notebooks/processed/image_blue_bright_20.jpg,blue,0.6859375,0.4666666667,,,0.9859375,0.86875
VALIDATE,drive/MyDrive/Colab Notebooks/processed/image_blue_bright_21.jpg,blue,0.2515625,0.4479166667,,,0.54375,0.8541666667
TRAIN,drive/MyDrive/Colab Notebooks/processed/image_blue_bright_22.jpg,blue,0.0453125,0.4958333333,,,0.365625,0.9270833333
TRAIN,drive/MyDrive/Colab Notebooks/processed/image_blue_bright_23.jpg,blue,0.3953125,0.375,,,0.7015625,0.8041666667
TRAIN,drive/MyDrive/Colab Notebooks/processed/image_blue_bright_24.jpg,blue,0.34375,0.325,,,0.69375,0.80625
TRAIN,drive/MyDrive/Colab Notebooks/processed/image_blue_bright_25.jpg,blue,0.5875,0.75,,,0.7078125,0.9125
TRAIN,drive/MyDrive/Colab Notebooks/processed/image_blue_bright_26.jpg,blue,0.5265625,0.7645833333,,,0.6453125,0.9291666667
VALIDATE,drive/MyDrive/Colab Notebooks/processed/image_blue_bright_27.jpg,blue,0.734375,0.73125,,,0.865625,0.90625
TRAIN,drive/MyDrive/Colab Notebooks/processed/image_blue_bright_28.jpg,blue,0.5703125,0.6875,,,0.7265625,0.9083333333
TRAIN,drive/MyDrive/Colab Notebooks/processed/image_blue_bright_29.jpg,blue,0.1484375,0.7083333333,,,0.3171875,0.94375
TRAIN,drive/MyDrive/Colab Notebooks/processed/image_blue_bright_30.jpg,blue,0.3171875,0.6833333333,,,0.4828125,0.9166666667
VALIDATE,drive/MyDrive/Colab Notebooks/processed/image_blue_bright_31.jpg,blue,0.303125,0.5958333333,,,0.4609375,0.8208333333
TRAIN,drive/MyDrive/Colab Notebooks/processed/image_blue_bright_32.jpg,blue,0.265625,0.7770833333,,,0.428125,0.9895833333
TRAIN,drive/MyDrive/Colab Notebooks/processed/image_blue_bright_33.jpg,blue,0.3375,0.7208333333,,,0.4953125,0.94375
TRAIN,drive/MyDrive/Colab Notebooks/processed/image_blue_bright_34.jpg,blue,0.109375,0.5791666667,,,0.2828125,0.8145833333
TRAIN,drive/MyDrive/Colab Notebooks/processed/image_blue_bright_35.jpg,blue,0.41875,0.7166666667,,,0.5734375,0.94375
TRAIN,drive/MyDrive/Colab Notebooks/processed/image_green_bright_1.jpg,green,0.35625,0.5770833333,,,0.61875,0.9375
TRAIN,drive/MyDrive/Colab Notebooks/processed/image_green_bright_2.jpg,green,0.5109375,0.5854166667,,,0.7734375,0.9479166667
TRAIN,drive/MyDrive/Colab Notebooks/processed/image_green_bright_3.jpg,green,0.65,0.61875,,,0.9203125,0.9791666667
VALIDATE,drive/MyDrive/Colab Notebooks/processed/image_green_bright_4.jpg,green,0.70625,0.6145833333,,,0.9890625,0.9875
TRAIN,drive/MyDrive/Colab Notebooks/processed/image_green_bright_5.jpg,green,0.3078125,0.6041666667,,,0.5796875,0.9770833333
TRAIN,drive/MyDrive/Colab Notebooks/processed/image_green_bright_6.jpg,green,0.1796875,0.5958333333,,,0.4625,0.9770833333
TRAIN,drive/MyDrive/Colab Notebooks/processed/image_green_bright_7.jpg,green,0.0234375,0.5354166667,,,0.328125,0.9395833333
VALIDATE,drive/MyDrive/Colab Notebooks/processed/image_green_bright_8.jpg,green,0.359375,0.4479166667,,,0.628125,0.8104166667
TRAIN,drive/MyDrive/Colab Notebooks/processed/image_green_bright_9.jpg,green,0.14375,0.3604166667,,,0.5015625,0.8458333333
TRAIN,drive/MyDrive/Colab Notebooks/processed/image_green_bright_10.jpg,green,0.56875,0.2895833333,,,0.928125,0.7583333333
TRAIN,drive/MyDrive/Colab Notebooks/processed/image_green_bright_11.jpg,green,0.4953125,0.1208333333,,,0.85,0.5979166667
TRAIN,drive/MyDrive/Colab Notebooks/processed/image_green_bright_12.jpg,green,0.5234375,0.5208333333,,,0.85,0.9645833333
VALIDATE,drive/MyDrive/Colab Notebooks/processed/image_green_bright_13.jpg,green,0.2265625,0.5270833333,,,0.5453125,0.9666666667
TRAIN,drive/MyDrive/Colab Notebooks/processed/image_green_bright_14.jpg,green,0.003125,0.5791666667,,,0.3484375,0.9979166667
TRAIN,drive/MyDrive/Colab Notebooks/processed/image_green_bright_15.jpg,green,0.1421875,0.46875,,,0.45,0.8791666667
TRAIN,drive/MyDrive/Colab Notebooks/processed/image_green_bright_17.jpg,green,0.36875,0.6625,,,0.5609375,0.9208333333
TRAIN,drive/MyDrive/Colab Notebooks/processed/image_green_bright_19.jpg,green,0.7,0.6625,,,0.871875,0.8979166667
TRAIN,drive/MyDrive/Colab Notebooks/processed/image_green_bright_22.jpg,green,0.5140625,0.6354166667,,,0.6828125,0.8666666667
TRAIN,drive/MyDrive/Colab Notebooks/processed/image_green_bright_24.jpg,green,0.30625,0.61875,,,0.490625,0.875
TRAIN,drive/MyDrive/Colab Notebooks/processed/image_green_bright_25.jpg,green,0.58125,0.5875,,,0.75,0.8270833333
TRAIN,drive/MyDrive/Colab Notebooks/processed/image_pink_bright_2.jpg,pink,0.465625,0.60625,,,0.7140625,0.9541666667
TRAIN,drive/MyDrive/Colab Notebooks/processed/image_pink_bright_3.jpg,pink,0.2203125,0.5541666667,,,0.4625,0.8875
TRAIN,drive/MyDrive/Colab Notebooks/processed/image_pink_bright_6.jpg,pink,0.240625,0.575,,,0.4921875,0.9125
TRAIN,drive/MyDrive/Colab Notebooks/processed/image_pink_bright_9.jpg,pink,0.50625,0.7458333333,,,0.69375,1
TRAIN,drive/MyDrive/Colab Notebooks/processed/image_pink_bright_10.jpg,pink,0.671875,0.6479166667,,,0.8484375,0.8895833333
TRAIN,drive/MyDrive/Colab Notebooks/processed/image_pink_bright_14.jpg,pink,0.4734375,0.6625,,,0.6578125,0.91875
TRAIN,drive/MyDrive/Colab Notebooks/processed/image_pink_bright_15.jpg,pink,0.0703125,0.64375,,,0.2859375,0.9375
TRAIN,drive/MyDrive/Colab Notebooks/processed/image_pink_bright_19.jpg,pink,0.3671875,0.4875,,,0.6859375,0.9270833333
TRAIN,drive/MyDrive/Colab Notebooks/processed/image_pink_bright_22.jpg,pink,0.59375,0.31875,,,0.85,0.6645833333
TRAIN,drive/MyDrive/Colab Notebooks/processed/image_pink_bright_23.jpg,pink,0.084375,0.3666666667,,,0.33125,0.68125
TRAIN,drive/MyDrive/Colab Notebooks/processed/image_pink_bright_24.jpg,pink,0.259375,0.4125,,,0.48125,0.7125
TRAIN,drive/MyDrive/Colab Notebooks/processed/image_red_bright_1.jpg,red,0.321875,0.6145833333,,,0.5515625,0.9270833333
TRAIN,drive/MyDrive/Colab Notebooks/processed/image_red_bright_2.jpg,red,0.15625,0.6,,,0.396875,0.9354166667
TRAIN,drive/MyDrive/Colab Notebooks/processed/image_red_bright_3.jpg,red,0.0703125,0.5625,,,0.33125,0.9
TRAIN,drive/MyDrive/Colab Notebooks/processed/image_red_bright_4.jpg,red,0.2984375,0.5833333333,,,0.5328125,0.9166666667
TRAIN,drive/MyDrive/Colab Notebooks/processed/image_red_bright_5.jpg,red,0.41875,0.5770833333,,,0.6546875,0.9083333333
VALIDATE,drive/MyDrive/Colab Notebooks/processed/image_red_bright_6.jpg,red,0.4953125,0.6208333333,,,0.7421875,0.95625
TRAIN,drive/MyDrive/Colab Notebooks/processed/image_red_bright_7.jpg,red,0.6078125,0.6145833333,,,0.85625,0.9520833333
TRAIN,drive/MyDrive/Colab Notebooks/processed/image_red_bright_8.jpg,red,0.6859375,0.6166666667,,,0.9421875,0.9541666667
TRAIN,drive/MyDrive/Colab Notebooks/processed/image_red_bright_9.jpg,red,0.3359375,0.625,,,0.5734375,0.95
TRAIN,drive/MyDrive/Colab Notebooks/processed/image_red_bright_10.jpg,red,0.325,0.6395833333,,,0.5140625,0.89375
VALIDATE,drive/MyDrive/Colab Notebooks/processed/image_red_bright_11.jpg,red,0.4203125,0.6458333333,,,0.60625,0.9041666667
TRAIN,drive/MyDrive/Colab Notebooks/processed/image_red_bright_12.jpg,red,0.5671875,0.6479166667,,,0.7578125,0.9104166667
TRAIN,drive/MyDrive/Colab Notebooks/processed/image_red_bright_13.jpg,red,0.084375,0.66875,,,0.2921875,0.95
TRAIN,drive/MyDrive/Colab Notebooks/processed/image_red_bright_14.jpg,red,0.059375,0.58125,,,0.2734375,0.8645833333
VALIDATE,drive/MyDrive/Colab Notebooks/processed/image_red_bright_15.jpg,red,0.2125,0.5666666667,,,0.4078125,0.8333333333
TRAIN,drive/MyDrive/Colab Notebooks/processed/image_red_bright_16.jpg,red,0.109375,0.6958333333,,,0.284375,0.9416666667
TRAIN,drive/MyDrive/Colab Notebooks/processed/image_red_bright_17.jpg,red,0.1859375,0.5979166667,,,0.3875,0.8729166667
TRAIN,drive/MyDrive/Colab Notebooks/processed/image_red_bright_18.jpg,red,0.6109375,0.5458333333,,,0.853125,0.8708333333
TRAIN,drive/MyDrive/Colab Notebooks/processed/image_red_bright_19.jpg,red,0.4953125,0.5375,,,0.740625,0.875
TRAIN,drive/MyDrive/Colab Notebooks/processed/image_red_bright_20.jpg,red,0.321875,0.5583333333,,,0.5828125,0.9125
TRAIN,drive/MyDrive/Colab Notebooks/processed/image_red_bright_21.jpg,red,0.303125,0.4416666667,,,0.6546875,0.91875
TRAIN,drive/MyDrive/Colab Notebooks/processed/image_red_bright_22.jpg,red,0.4828125,0.51875,,,0.8171875,0.96875
VALIDATE,drive/MyDrive/Colab Notebooks/processed/image_red_bright_23.jpg,red,0.1875,0.45625,,,0.54375,0.9395833333
TRAIN,drive/MyDrive/Colab Notebooks/processed/image_red_bright_24.jpg,red,0.2984375,0.4208333333,,,0.6453125,0.89375
TRAIN,drive/MyDrive/Colab Notebooks/processed/image_yellow_bright_2.jpg,yellow,0.2578125,0.50625,,,0.5234375,0.8729166667
TRAIN,drive/MyDrive/Colab Notebooks/processed/image_yellow_bright_4.jpg,yellow,0.6578125,0.55625,,,0.9140625,0.89375
TRAIN,drive/MyDrive/Colab Notebooks/processed/image_yellow_bright_7.jpg,yellow,0.3359375,0.51875,,,0.5796875,0.8541666667
TRAIN,drive/MyDrive/Colab Notebooks/processed/image_yellow_bright_9.jpg,yellow,0.021875,0.4229166667,,,0.2796875,0.75
TRAIN,drive/MyDrive/Colab Notebooks/processed/image_yellow_bright_12.jpg,yellow,0.440625,0.56875,,,0.6640625,0.8875
TRAIN,drive/MyDrive/Colab Notebooks/processed/image_yellow_bright_15.jpg,yellow,0.4390625,0.4458333333,,,0.665625,0.7625
VALIDATE,drive/MyDrive/Colab Notebooks/processed/image_yellow_bright_16.jpg,yellow,0.4171875,0.6458333333,,,0.56875,0.8583333333
TRAIN,drive/MyDrive/Colab Notebooks/processed/image_yellow_bright_18.jpg,yellow,0.3359375,0.6625,,,0.475,0.8520833333
TRAIN,drive/MyDrive/Colab Notebooks/processed/image_yellow_bright_21.jpg,yellow,0.1875,0.6895833333,,,0.325,0.8729166667
VALIDATE,drive/MyDrive/Colab Notebooks/processed/image_yellow_bright_24.jpg,yellow,0.3796875,0.7166666667,,,0.515625,0.9104166667
TRAIN,drive/MyDrive/Colab Notebooks/processed/image_blue_50.jpg,blue,0.3875,0.58125,,,0.578125,0.83125
TRAIN,drive/MyDrive/Colab Notebooks/processed/image_blue_51.jpg,blue,0.303125,0.2854166667,,,0.521875,0.5770833333
TRAIN,drive/MyDrive/Colab Notebooks/processed/image_blue_52.jpg,blue,0.4390625,0.5104166667,,,0.646875,0.7895833333
TRAIN,drive/MyDrive/Colab Notebooks/processed/image_blue_53.jpg,blue,0.5203125,0.5354166667,,,0.7296875,0.8166666667
TRAIN,drive/MyDrive/Colab Notebooks/processed/image_blue_54.jpg,blue,0.4296875,0.6125,,,0.6453125,0.8979166667
VALIDATE,drive/MyDrive/Colab Notebooks/processed/image_blue_55.jpg,blue,0.4140625,0.5166666667,,,0.715625,0.9270833333
TRAIN,drive/MyDrive/Colab Notebooks/processed/image_blue_56.jpg,blue,0.24375,0.525,,,0.5453125,0.9354166667
TRAIN,drive/MyDrive/Colab Notebooks/processed/image_blue_57.jpg,blue,0.1234375,0.5770833333,,,0.425,0.9666666667
TRAIN,drive/MyDrive/Colab Notebooks/processed/image_blue_58.jpg,blue,0.165625,0.5041666667,,,0.459375,0.8916666667
TRAIN,drive/MyDrive/Colab Notebooks/processed/image_blue_59.jpg,blue,0.0359375,0.4708333333,,,0.34375,0.8604166667
TRAIN,drive/MyDrive/Colab Notebooks/processed/image_blue_60.jpg,blue,0.2859375,0.4958333333,,,0.5671875,0.8729166667
TRAIN,drive/MyDrive/Colab Notebooks/processed/image_blue_61.jpg,blue,0.3703125,0.5541666667,,,0.6453125,0.9333333333
TRAIN,drive/MyDrive/Colab Notebooks/processed/image_blue_62.jpg,blue,0.2296875,0.4520833333,,,0.5109375,0.8270833333
TRAIN,drive/MyDrive/Colab Notebooks/processed/image_blue_63.jpg,blue,0.521875,0.59375,,,0.7765625,0.9416666667
TRAIN,drive/MyDrive/Colab Notebooks/processed/image_blue_64.jpg,blue,0.5640625,0.55,,,0.81875,0.8958333333
TRAIN,drive/MyDrive/Colab Notebooks/processed/image_blue_65.jpg,blue,0.6421875,0.5354166667,,,0.9765625,0.9791666667
TRAIN,drive/MyDrive/Colab Notebooks/processed/image_blue_66.jpg,blue,0.6171875,0.575,,,0.875,0.9291666667
TRAIN,drive/MyDrive/Colab Notebooks/processed/image_blue_67.jpg,blue,0.503125,0.49375,,,0.74375,0.8104166667
TRAIN,drive/MyDrive/Colab Notebooks/processed/image_blue_68.jpg,blue,0.4203125,0.5166666667,,,0.6296875,0.7958333333
TRAIN,drive/MyDrive/Colab Notebooks/processed/image_blue_69.jpg,blue,0.409375,0.5604166667,,,0.5921875,0.8104166667
TRAIN,drive/MyDrive/Colab Notebooks/processed/image_blue_70.jpg,blue,0.359375,0.54375,,,0.5421875,0.7854166667
TRAIN,drive/MyDrive/Colab Notebooks/processed/image_blue_71.jpg,blue,0.2578125,0.5395833333,,,0.459375,0.8125
TRAIN,drive/MyDrive/Colab Notebooks/processed/image_blue_72.jpg,blue,0.296875,0.5020833333,,,0.5515625,0.8479166667
TRAIN,drive/MyDrive/Colab Notebooks/processed/image_blue_73.jpg,blue,0.48125,0.5395833333,,,0.7625,0.9166666667
TRAIN,drive/MyDrive/Colab Notebooks/processed/image_blue_74.jpg,blue,0.6203125,0.5541666667,,,0.9375,0.9625
VALIDATE,drive/MyDrive/Colab Notebooks/processed/image_blue_75.jpg,blue,0.609375,0.4333333333,,,0.909375,0.8291666667
TRAIN,drive/MyDrive/Colab Notebooks/processed/image_blue_76.jpg,blue,0.528125,0.46875,,,0.784375,0.8083333333
TRAIN,drive/MyDrive/Colab Notebooks/processed/image_blue_77.jpg,blue,0.3375,0.5729166667,,,0.553125,0.8645833333
TRAIN,drive/MyDrive/Colab Notebooks/processed/image_blue_78.jpg,blue,0.13125,0.6145833333,,,0.3484375,0.89375
VALIDATE,drive/MyDrive/Colab Notebooks/processed/image_blue_79.jpg,blue,0.2453125,0.5145833333,,,0.4640625,0.8020833333
TRAIN,drive/MyDrive/Colab Notebooks/processed/image_blue_80.jpg,blue,0.34375,0.5666666667,,,0.5515625,0.84375
TRAIN,drive/MyDrive/Colab Notebooks/processed/image_blue_81.jpg,blue,0.2953125,0.4458333333,,,0.4984375,0.7166666667
TRAIN,drive/MyDrive/Colab Notebooks/processed/image_blue_82.jpg,blue,0.534375,0.48125,,,0.7609375,0.7791666667
TRAIN,drive/MyDrive/Colab Notebooks/processed/image_blue_83.jpg,blue,0.1484375,0.3875,,,0.3921875,0.7020833333
TRAIN,drive/MyDrive/Colab Notebooks/processed/image_blue_84.jpg,blue,0.3765625,0.6583333333,,,0.56875,0.9104166667
TRAIN,drive/MyDrive/Colab Notebooks/processed/image_blue_85.jpg,blue,0.396875,0.625,,,0.590625,0.8875
TRAIN,drive/MyDrive/Colab Notebooks/processed/image_blue_86.jpg,blue,0.5390625,0.6,,,0.7484375,0.8729166667
VALIDATE,drive/MyDrive/Colab Notebooks/processed/image_blue_88.jpg,blue,0.2234375,0.64375,,,0.440625,0.9333333333
TRAIN,drive/MyDrive/Colab Notebooks/processed/image_blue_89.jpg,blue,0.6234375,0.6791666667,,,0.8765625,0.9916666667
TRAIN,drive/MyDrive/Colab Notebooks/processed/image_blue_91.jpg,blue,0.6828125,0.5979166667,,,0.9375,0.9270833333
VALIDATE,drive/MyDrive/Colab Notebooks/processed/image_blue_93.jpg,blue,0.171875,0.50625,,,0.40625,0.80625
TRAIN,drive/MyDrive/Colab Notebooks/processed/image_blue_94.jpg,blue,0.28125,0.3791666667,,,0.4875,0.6479166667
TRAIN,drive/MyDrive/Colab Notebooks/processed/image_blue_95.jpg,blue,0.5,0.3625,,,0.7078125,0.6333333333
TRAIN,drive/MyDrive/Colab Notebooks/processed/image_blue_96.jpg,blue,0.3390625,0.50625,,,0.5515625,0.7833333333
TRAIN,drive/MyDrive/Colab Notebooks/processed/image_blue_97.jpg,blue,0.1453125,0.58125,,,0.3765625,0.8729166667
VALIDATE,drive/MyDrive/Colab Notebooks/processed/image_blue_98.jpg,blue,0.4125,0.6291666667,,,0.5703125,0.8479166667
TRAIN,drive/MyDrive/Colab Notebooks/processed/image_blue_99.jpg,blue,0.4921875,0.625,,,0.65625,0.8458333333
TRAIN,drive/MyDrive/Colab Notebooks/processed/image_blue_100.jpg,blue,0.4453125,0.64375,,,0.609375,0.8666666667
TRAIN,drive/MyDrive/Colab Notebooks/processed/image_blue_101.jpg,blue,0.665625,0.6729166667,,,0.846875,0.9104166667
VALIDATE,drive/MyDrive/Colab Notebooks/processed/image_blue_102.jpg,blue,0.7,0.6020833333,,,0.88125,0.85
TRAIN,drive/MyDrive/Colab Notebooks/processed/image_blue_103.jpg,blue,0.7328125,0.6125,,,0.91875,0.8541666667
TRAIN,drive/MyDrive/Colab Notebooks/processed/image_blue_104.jpg,blue,0.6984375,0.6083333333,,,0.8828125,0.8520833333
TRAIN,drive/MyDrive/Colab Notebooks/processed/image_blue_105.jpg,blue,0.70625,0.6041666667,,,0.9234375,0.8854166667
TRAIN,drive/MyDrive/Colab Notebooks/processed/image_blue_106.jpg,blue,0.709375,0.4916666667,,,0.878125,0.7104166667
TRAIN,drive/MyDrive/Colab Notebooks/processed/image_blue_107.jpg,blue,0.6796875,0.4708333333,,,0.8453125,0.6791666667
TRAIN,drive/MyDrive/Colab Notebooks/processed/image_blue_108.jpg,blue,0.6203125,0.6479166667,,,0.8015625,0.8875
TRAIN,drive/MyDrive/Colab Notebooks/processed/image_blue_109.jpg,blue,0.4234375,0.5208333333,,,0.5859375,0.7416666667
TRAIN,drive/MyDrive/Colab Notebooks/processed/image_blue_111.jpg,blue,0.484375,0.55,,,0.6578125,0.7708333333
VALIDATE,drive/MyDrive/Colab Notebooks/processed/image_blue_112.jpg,blue,0.403125,0.5770833333,,,0.5671875,0.7979166667
TRAIN,drive/MyDrive/Colab Notebooks/processed/image_blue_113.jpg,blue,0.425,0.6208333333,,,0.59375,0.8458333333
TRAIN,drive/MyDrive/Colab Notebooks/processed/image_blue_114.jpg,blue,0.4046875,0.6229166667,,,0.5953125,0.8791666667
TRAIN,drive/MyDrive/Colab Notebooks/processed/image_blue_115.jpg,blue,0.3796875,0.6041666667,,,0.6296875,0.94375
TRAIN,drive/MyDrive/Colab Notebooks/processed/image_blue_117.jpg,blue,0.28125,0.59375,,,0.5328125,0.9333333333
TRAIN,drive/MyDrive/Colab Notebooks/processed/image_blue_118.jpg,blue,0.521875,0.6541666667,,,0.7015625,0.9041666667
TRAIN,drive/MyDrive/Colab Notebooks/processed/image_blue_119.jpg,blue,0.0390625,0.5625,,,0.2671875,0.8479166667
TRAIN,drive/MyDrive/Colab Notebooks/processed/image_blue_120.jpg,blue,0.03125,0.5333333333,,,0.2625,0.825
TRAIN,drive/MyDrive/Colab Notebooks/processed/image_blue_121.jpg,blue,0.0453125,0.5708333333,,,0.275,0.8645833333
TRAIN,drive/MyDrive/Colab Notebooks/processed/image_blue_122.jpg,blue,0.134375,0.5354166667,,,0.378125,0.85
TRAIN,drive/MyDrive/Colab Notebooks/processed/image_blue_123.jpg,blue,0.2390625,0.5520833333,,,0.44375,0.8208333333
TRAIN,drive/MyDrive/Colab Notebooks/processed/image_blue_125.jpg,blue,0.2296875,0.4333333333,,,0.4625,0.7375
TRAIN,drive/MyDrive/Colab Notebooks/processed/image_blue_126.jpg,blue,0.296875,0.4625,,,0.484375,0.71875
VALIDATE,drive/MyDrive/Colab Notebooks/processed/image_blue_127.jpg,blue,0.165625,0.3583333333,,,0.403125,0.66875
TRAIN,drive/MyDrive/Colab Notebooks/processed/image_blue_128.jpg,blue,0.2046875,0.1145833333,,,0.409375,0.38125
TRAIN,drive/MyDrive/Colab Notebooks/processed/image_blue_129.jpg,blue,0.31875,0.20625,,,0.5828125,0.5708333333
TRAIN,drive/MyDrive/Colab Notebooks/processed/image_blue_130.jpg,blue,0.33125,0.3791666667,,,0.596875,0.7354166667
TRAIN,drive/MyDrive/Colab Notebooks/processed/image_blue_131.jpg,blue,0.3078125,0.3625,,,0.5578125,0.6958333333
TRAIN,drive/MyDrive/Colab Notebooks/processed/image_blue_132.jpg,blue,0.290625,0.1791666667,,,0.5203125,0.4854166667
TRAIN,drive/MyDrive/Colab Notebooks/processed/image_blue_133.jpg,blue,0.4359375,0.1645833333,,,0.6921875,0.5125
TRAIN,drive/MyDrive/Colab Notebooks/processed/image_blue_134.jpg,blue,0.28125,0.3583333333,,,0.49375,0.6395833333
TRAIN,drive/MyDrive/Colab Notebooks/processed/image_blue_135.jpg,blue,0.5015625,0.51875,,,0.7109375,0.7958333333
TRAIN,drive/MyDrive/Colab Notebooks/processed/image_blue_137.jpg,blue,0.515625,0.4333333333,,,0.7109375,0.6916666667
TRAIN,drive/MyDrive/Colab Notebooks/processed/image_blue_139.jpg,blue,0.4265625,0.6,,,0.625,0.8625
VALIDATE,drive/MyDrive/Colab Notebooks/processed/image_blue_140.jpg,blue,0.31875,0.3875,,,0.5078125,0.6333333333
TRAIN,drive/MyDrive/Colab Notebooks/processed/image_blue_143.jpg,blue,0.5484375,0.3208333333,,,0.73125,0.575
TRAIN,drive/MyDrive/Colab Notebooks/processed/image_blue_145.jpg,blue,0.5015625,0.5791666667,,,0.7109375,0.8645833333
TRAIN,drive/MyDrive/Colab Notebooks/processed/image_blue_147.jpg,blue,0.3109375,0.45,,,0.515625,0.7208333333
TRAIN,drive/MyDrive/Colab Notebooks/processed/image_blue_148.jpg,blue,0.3671875,0.5,,,0.575,0.7708333333
TRAIN,drive/MyDrive/Colab Notebooks/processed/image_blue_149.jpg,blue,0.45625,0.6166666667,,,0.640625,0.8708333333
TRAIN,drive/MyDrive/Colab Notebooks/processed/image_green_50.jpg,green,0.29375,0.6354166667,,,0.4890625,0.89375
TRAIN,drive/MyDrive/Colab Notebooks/processed/image_green_51.jpg,green,0.3515625,0.6,,,0.540625,0.85
VALIDATE,drive/MyDrive/Colab Notebooks/processed/image_green_53.jpg,green,0.5109375,0.7,,,0.6953125,0.9520833333
TRAIN,drive/MyDrive/Colab Notebooks/processed/image_green_54.jpg,green,0.634375,0.6479166667,,,0.8203125,0.90625
TRAIN,drive/MyDrive/Colab Notebooks/processed/image_green_55.jpg,green,0.2734375,0.60625,,,0.4515625,0.84375
TRAIN,drive/MyDrive/Colab Notebooks/processed/image_green_57.jpg,green,0.215625,0.6291666667,,,0.3796875,0.8520833333
TRAIN,drive/MyDrive/Colab Notebooks/processed/image_green_58.jpg,green,0.296875,0.475,,,0.48125,0.7229166667
TRAIN,drive/MyDrive/Colab Notebooks/processed/image_green_59.jpg,green,0.0671875,0.45625,,,0.2640625,0.6916666667
TRAIN,drive/MyDrive/Colab Notebooks/processed/image_green_60.jpg,green,0.18125,0.4583333333,,,0.371875,0.6916666667
TRAIN,drive/MyDrive/Colab Notebooks/processed/image_green_61.jpg,green,0.1453125,0.4479166667,,,0.334375,0.69375
TRAIN,drive/MyDrive/Colab Notebooks/processed/image_green_62.jpg,green,0.0921875,0.6083333333,,,0.3046875,0.88125
TRAIN,drive/MyDrive/Colab Notebooks/processed/image_green_63.jpg,green,0.2453125,0.6,,,0.459375,0.8791666667
TRAIN,drive/MyDrive/Colab Notebooks/processed/image_green_64.jpg,green,0.3453125,0.475,,,0.5890625,0.7916666667
VALIDATE,drive/MyDrive/Colab Notebooks/processed/image_green_65.jpg,green,0.603125,0.475,,,0.8546875,0.8020833333
TRAIN,drive/MyDrive/Colab Notebooks/processed/image_green_66.jpg,green,0.6328125,0.5770833333,,,0.8984375,0.9270833333
TRAIN,drive/MyDrive/Colab Notebooks/processed/image_green_67.jpg,green,0.5109375,0.5416666667,,,0.765625,0.8791666667
TRAIN,drive/MyDrive/Colab Notebooks/processed/image_green_68.jpg,green,0.4921875,0.68125,,,0.671875,0.925
TRAIN,drive/MyDrive/Colab Notebooks/processed/image_green_69.jpg,green,0.553125,0.6416666667,,,0.7328125,0.8770833333
VALIDATE,drive/MyDrive/Colab Notebooks/processed/image_green_70.jpg,green,0.3921875,0.4729166667,,,0.5640625,0.7083333333
TRAIN,drive/MyDrive/Colab Notebooks/processed/image_green_71.jpg,green,0.2796875,0.45,,,0.4578125,0.6895833333
TRAIN,drive/MyDrive/Colab Notebooks/processed/image_green_72.jpg,green,0.6921875,0.6520833333,,,0.90625,0.9291666667
TRAIN,drive/MyDrive/Colab Notebooks/processed/image_green_73.jpg,green,0.415625,0.46875,,,0.6046875,0.7270833333
VALIDATE,drive/MyDrive/Colab Notebooks/processed/image_green_74.jpg,green,0.6515625,0.3354166667,,,0.8578125,0.6041666667
TRAIN,drive/MyDrive/Colab Notebooks/processed/image_green_75.jpg,green,0.6953125,0.3583333333,,,0.9328125,0.6645833333
TRAIN,drive/MyDrive/Colab Notebooks/processed/image_green_76.jpg,green,0.36875,0.4791666667,,,0.5890625,0.76875
TRAIN,drive/MyDrive/Colab Notebooks/processed/image_green_77.jpg,green,0.1390625,0.4604166667,,,0.3640625,0.75
TRAIN,drive/MyDrive/Colab Notebooks/processed/image_green_78.jpg,green,0.278125,0.2708333333,,,0.4890625,0.5479166667
TRAIN,drive/MyDrive/Colab Notebooks/processed/image_green_79.jpg,green,0.596875,0.5020833333,,,0.8375,0.8270833333
TRAIN,drive/MyDrive/Colab Notebooks/processed/image_green_80.jpg,green,0.20625,0.5458333333,,,0.4109375,0.8229166667
TRAIN,drive/MyDrive/Colab Notebooks/processed/image_green_81.jpg,green,0.109375,0.5895833333,,,0.315625,0.8604166667
TRAIN,drive/MyDrive/Colab Notebooks/processed/image_green_82.jpg,green,0.1734375,0.6041666667,,,0.371875,0.86875
TRAIN,drive/MyDrive/Colab Notebooks/processed/image_green_83.jpg,green,0.2484375,0.5416666667,,,0.45,0.8125
TRAIN,drive/MyDrive/Colab Notebooks/processed/image_green_84.jpg,green,0.1703125,0.5791666667,,,0.3828125,0.8645833333
TRAIN,drive/MyDrive/Colab Notebooks/processed/image_green_85.jpg,green,0.2125,0.5645833333,,,0.45625,0.9
TRAIN,drive/MyDrive/Colab Notebooks/processed/image_green_86.jpg,green,0.7375,0.5916666667,,,0.971875,0.8916666667
TRAIN,drive/MyDrive/Colab Notebooks/processed/image_green_87.jpg,green,0.7296875,0.6041666667,,,0.95,0.88125
TRAIN,drive/MyDrive/Colab Notebooks/processed/image_green_88.jpg,green,0.7234375,0.51875,,,0.9421875,0.80625
TRAIN,drive/MyDrive/Colab Notebooks/processed/image_green_89.jpg,green,0.640625,0.5520833333,,,0.93125,0.925
VALIDATE,drive/MyDrive/Colab Notebooks/processed/image_green_91.jpg,green,0.5265625,0.6,,,0.734375,0.8854166667
TRAIN,drive/MyDrive/Colab Notebooks/processed/image_green_92.jpg,green,0.509375,0.55,,,0.7171875,0.8166666667
TRAIN,drive/MyDrive/Colab Notebooks/processed/image_green_93.jpg,green,0.571875,0.5520833333,,,0.775,0.8291666667
TRAIN,drive/MyDrive/Colab Notebooks/processed/image_green_94.jpg,green,0.5515625,0.6,,,0.7796875,0.9041666667
TRAIN,drive/MyDrive/Colab Notebooks/processed/image_green_96.jpg,green,0.3203125,0.5270833333,,,0.528125,0.8041666667
TRAIN,drive/MyDrive/Colab Notebooks/processed/image_green_97.jpg,green,0.378125,0.5291666667,,,0.5765625,0.7958333333
TRAIN,drive/MyDrive/Colab Notebooks/processed/image_green_98.jpg,green,0.3421875,0.6333333333,,,0.553125,0.9208333333
VALIDATE,drive/MyDrive/Colab Notebooks/processed/image_green_99.jpg,green,0.4296875,0.4958333333,,,0.65625,0.8
TRAIN,drive/MyDrive/Colab Notebooks/processed/image_green_100.jpg,green,0.6046875,0.5458333333,,,0.8171875,0.8270833333
TRAIN,drive/MyDrive/Colab Notebooks/processed/image_green_101.jpg,green,0.246875,0.55625,,,0.4453125,0.8291666667
VALIDATE,drive/MyDrive/Colab Notebooks/processed/image_green_102.jpg,green,0.3359375,0.6375,,,0.5390625,0.91875
TRAIN,drive/MyDrive/Colab Notebooks/processed/image_pink_50.jpg,pink,0.4828125,0.58125,,,0.653125,0.8125
TRAIN,drive/MyDrive/Colab Notebooks/processed/image_pink_51.jpg,pink,0.4796875,0.5416666667,,,0.6375,0.7604166667
TRAIN,drive/MyDrive/Colab Notebooks/processed/image_pink_52.jpg,pink,0.4796875,0.56875,,,0.6484375,0.8
TRAIN,drive/MyDrive/Colab Notebooks/processed/image_pink_53.jpg,pink,0.55,0.55,,,0.725,0.7791666667
TRAIN,drive/MyDrive/Colab Notebooks/processed/image_pink_54.jpg,pink,0.6109375,0.5416666667,,,0.80625,0.79375
TRAIN,drive/MyDrive/Colab Notebooks/processed/image_pink_55.jpg,pink,0.715625,0.5458333333,,,0.9296875,0.8208333333
TRAIN,drive/MyDrive/Colab Notebooks/processed/image_pink_57.jpg,pink,0.5359375,0.4729166667,,,0.74375,0.7479166667
TRAIN,drive/MyDrive/Colab Notebooks/processed/image_pink_58.jpg,pink,0.4421875,0.5770833333,,,0.609375,0.7958333333
TRAIN,drive/MyDrive/Colab Notebooks/processed/image_pink_59.jpg,pink,0.3234375,0.5291666667,,,0.4921875,0.76875
TRAIN,drive/MyDrive/Colab Notebooks/processed/image_pink_60.jpg,pink,0.5984375,0.5354166667,,,0.8046875,0.80625
TRAIN,drive/MyDrive/Colab Notebooks/processed/image_pink_62.jpg,pink,0.19375,0.4479166667,,,0.415625,0.74375
TRAIN,drive/MyDrive/Colab Notebooks/processed/image_pink_63.jpg,pink,0.1796875,0.4729166667,,,0.378125,0.7354166667
TRAIN,drive/MyDrive/Colab Notebooks/processed/image_pink_65.jpg,pink,0.18125,0.4604166667,,,0.3828125,0.7229166667
TRAIN,drive/MyDrive/Colab Notebooks/processed/image_pink_66.jpg,pink,0.1734375,0.49375,,,0.371875,0.7479166667
TRAIN,drive/MyDrive/Colab Notebooks/processed/image_pink_68.jpg,pink,0.265625,0.5270833333,,,0.4875,0.8270833333
TRAIN,drive/MyDrive/Colab Notebooks/processed/image_pink_70.jpg,pink,0.309375,0.6041666667,,,0.528125,0.9041666667
TRAIN,drive/MyDrive/Colab Notebooks/processed/image_pink_71.jpg,pink,0.5515625,0.5104166667,,,0.7578125,0.78125
TRAIN,drive/MyDrive/Colab Notebooks/processed/image_pink_73.jpg,pink,0.421875,0.5333333333,,,0.6,0.775
TRAIN,drive/MyDrive/Colab Notebooks/processed/image_pink_74.jpg,pink,0.4109375,0.5875,,,0.5921875,0.8208333333
TRAIN,drive/MyDrive/Colab Notebooks/processed/image_pink_75.jpg,pink,0.29375,0.3291666667,,,0.515625,0.6291666667
TRAIN,drive/MyDrive/Colab Notebooks/processed/image_pink_76.jpg,pink,0.61875,0.55625,,,0.8171875,0.8229166667
TRAIN,drive/MyDrive/Colab Notebooks/processed/image_pink_77.jpg,pink,0.6828125,0.56875,,,0.8875,0.8375
VALIDATE,drive/MyDrive/Colab Notebooks/processed/image_pink_78.jpg,pink,0.45625,0.4583333333,,,0.646875,0.70625
TRAIN,drive/MyDrive/Colab Notebooks/processed/image_pink_79.jpg,pink,0.2640625,0.5583333333,,,0.4375,0.7875
VALIDATE,drive/MyDrive/Colab Notebooks/processed/image_pink_81.jpg,pink,0.0984375,0.5520833333,,,0.2921875,0.80625
VALIDATE,drive/MyDrive/Colab Notebooks/processed/image_pink_82.jpg,pink,0.4390625,0.5729166667,,,0.6234375,0.8208333333
TRAIN,drive/MyDrive/Colab Notebooks/processed/image_pink_83.jpg,pink,0.425,0.4,,,0.5984375,0.6291666667
TRAIN,drive/MyDrive/Colab Notebooks/processed/image_pink_84.jpg,pink,0.353125,0.4958333333,,,0.5421875,0.7458333333
TRAIN,drive/MyDrive/Colab Notebooks/processed/image_pink_85.jpg,pink,0.5375,0.4833333333,,,0.728125,0.7354166667
TRAIN,drive/MyDrive/Colab Notebooks/processed/image_pink_86.jpg,pink,0.171875,0.4895833333,,,0.353125,0.725
VALIDATE,drive/MyDrive/Colab Notebooks/processed/image_pink_87.jpg,pink,0.1453125,0.4645833333,,,0.378125,0.7645833333
TRAIN,drive/MyDrive/Colab Notebooks/processed/image_pink_90.jpg,pink,0.2265625,0.5958333333,,,0.465625,0.91875
TRAIN,drive/MyDrive/Colab Notebooks/processed/image_pink_92.jpg,pink,0.5703125,0.5916666667,,,0.840625,0.9583333333
TRAIN,drive/MyDrive/Colab Notebooks/processed/image_pink_94.jpg,pink,0.2359375,0.60625,,,0.5015625,0.9770833333
TRAIN,drive/MyDrive/Colab Notebooks/processed/image_pink_97.jpg,pink,0.1375,0.5875,,,0.378125,0.9083333333
TRAIN,drive/MyDrive/Colab Notebooks/processed/image_pink_100.jpg,pink,0.50625,0.66875,,,0.7109375,0.9541666667
TRAIN,drive/MyDrive/Colab Notebooks/processed/image_pink_102.jpg,pink,0.33125,0.28125,,,0.5234375,0.5354166667
VALIDATE,drive/MyDrive/Colab Notebooks/processed/image_pink_103.jpg,pink,0.146875,0.5416666667,,,0.3640625,0.825
TRAIN,drive/MyDrive/Colab Notebooks/processed/image_red_50.jpg,red,0.5734375,0.58125,,,0.78125,0.8645833333
TRAIN,drive/MyDrive/Colab Notebooks/processed/image_red_51.jpg,red,0.5046875,0.5104166667,,,0.7171875,0.7958333333
TRAIN,drive/MyDrive/Colab Notebooks/processed/image_red_52.jpg,red,0.5171875,0.5145833333,,,0.734375,0.80625
TRAIN,drive/MyDrive/Colab Notebooks/processed/image_red_53.jpg,red,0.5859375,0.6354166667,,,0.79375,0.9125
VALIDATE,drive/MyDrive/Colab Notebooks/processed/image_red_54.jpg,red,0.6328125,0.54375,,,0.803125,0.7666666667
TRAIN,drive/MyDrive/Colab Notebooks/processed/image_red_55.jpg,red,0.753125,0.60625,,,0.9328125,0.8479166667
TRAIN,drive/MyDrive/Colab Notebooks/processed/image_red_56.jpg,red,0.625,0.5958333333,,,0.7984375,0.8270833333
TRAIN,drive/MyDrive/Colab Notebooks/processed/image_red_57.jpg,red,0.53125,0.5583333333,,,0.7109375,0.8
TRAIN,drive/MyDrive/Colab Notebooks/processed/image_red_59.jpg,red,0.3953125,0.5625,,,0.5765625,0.8104166667
TRAIN,drive/MyDrive/Colab Notebooks/processed/image_red_60.jpg,red,0.3453125,0.55625,,,0.528125,0.8104166667
VALIDATE,drive/MyDrive/Colab Notebooks/processed/image_red_61.jpg,red,0.3234375,0.5645833333,,,0.5125,0.8166666667
TRAIN,drive/MyDrive/Colab Notebooks/processed/image_red_62.jpg,red,0.203125,0.5854166667,,,0.40625,0.8583333333
TRAIN,drive/MyDrive/Colab Notebooks/processed/image_red_63.jpg,red,0.2,0.5333333333,,,0.3921875,0.7875
TRAIN,drive/MyDrive/Colab Notebooks/processed/image_red_65.jpg,red,0.115625,0.5333333333,,,0.315625,0.7979166667
TRAIN,drive/MyDrive/Colab Notebooks/processed/image_red_66.jpg,red,0.1828125,0.5270833333,,,0.3890625,0.8020833333
TRAIN,drive/MyDrive/Colab Notebooks/processed/image_red_67.jpg,red,0.075,0.6125,,,0.2890625,0.89375
TRAIN,drive/MyDrive/Colab Notebooks/processed/image_red_68.jpg,red,0.0046875,0.6083333333,,,0.2265625,0.8729166667
TRAIN,drive/MyDrive/Colab Notebooks/processed/image_red_69.jpg,red,0.0515625,0.5270833333,,,0.259375,0.7916666667
TRAIN,drive/MyDrive/Colab Notebooks/processed/image_red_71.jpg,red,0.1640625,0.5354166667,,,0.3625,0.7854166667
TRAIN,drive/MyDrive/Colab Notebooks/processed/image_red_72.jpg,red,0.2765625,0.6041666667,,,0.475,0.8583333333
TRAIN,drive/MyDrive/Colab Notebooks/processed/image_red_73.jpg,red,0.221875,0.5708333333,,,0.4859375,0.91875
TRAIN,drive/MyDrive/Colab Notebooks/processed/image_red_74.jpg,red,0.3234375,0.5541666667,,,0.5734375,0.8916666667
TRAIN,drive/MyDrive/Colab Notebooks/processed/image_red_75.jpg,red,0.4234375,0.55625,,,0.6796875,0.9020833333
TRAIN,drive/MyDrive/Colab Notebooks/processed/image_red_76.jpg,red,0.11875,0.5229166667,,,0.3984375,0.8875
TRAIN,drive/MyDrive/Colab Notebooks/processed/image_red_77.jpg,red,0.415625,0.51875,,,0.703125,0.9145833333
TRAIN,drive/MyDrive/Colab Notebooks/processed/image_red_78.jpg,red,0.2875,0.5708333333,,,0.50625,0.8666666667
TRAIN,drive/MyDrive/Colab Notebooks/processed/image_red_79.jpg,red,0.378125,0.5666666667,,,0.596875,0.8583333333
TRAIN,drive/MyDrive/Colab Notebooks/processed/image_red_80.jpg,red,0.39375,0.6020833333,,,0.54375,0.8020833333
TRAIN,drive/MyDrive/Colab Notebooks/processed/image_red_81.jpg,red,0.33125,0.60625,,,0.4875,0.8145833333
TRAIN,drive/MyDrive/Colab Notebooks/processed/image_red_82.jpg,red,0.3484375,0.56875,,,0.5109375,0.7875
TRAIN,drive/MyDrive/Colab Notebooks/processed/image_red_83.jpg,red,0.315625,0.5104166667,,,0.5078125,0.7625
VALIDATE,drive/MyDrive/Colab Notebooks/processed/image_red_84.jpg,red,0.4828125,0.3645833333,,,0.684375,0.6354166667
TRAIN,drive/MyDrive/Colab Notebooks/processed/image_red_85.jpg,red,0.3125,0.3770833333,,,0.5546875,0.7041666667
TRAIN,drive/MyDrive/Colab Notebooks/processed/image_red_86.jpg,red,0.3125,0.3208333333,,,0.546875,0.6333333333
TRAIN,drive/MyDrive/Colab Notebooks/processed/image_red_88.jpg,red,0.25625,0.4520833333,,,0.4796875,0.7416666667
TRAIN,drive/MyDrive/Colab Notebooks/processed/image_red_89.jpg,red,0.0640625,0.55,,,0.259375,0.7833333333
TRAIN,drive/MyDrive/Colab Notebooks/processed/image_red_91.jpg,red,0.2375,0.4708333333,,,0.434375,0.7229166667
TRAIN,drive/MyDrive/Colab Notebooks/processed/image_red_96.jpg,red,0.496875,0.70625,,,0.6953125,0.9729166667
TRAIN,drive/MyDrive/Colab Notebooks/processed/image_red_98.jpg,red,0.7140625,0.6291666667,,,0.921875,0.9020833333
TRAIN,drive/MyDrive/Colab Notebooks/processed/image_red_99.jpg,red,0.5671875,0.5958333333,,,0.753125,0.84375
TRAIN,drive/MyDrive/Colab Notebooks/processed/image_red_100.jpg,red,0.69375,0.66875,,,0.9015625,0.94375
TRAIN,drive/MyDrive/Colab Notebooks/processed/image_red_101.jpg,red,0.721875,0.53125,,,0.9234375,0.7833333333
TRAIN,drive/MyDrive/Colab Notebooks/processed/image_red_102.jpg,red,0.7453125,0.2708333333,,,0.9109375,0.4833333333
TRAIN,drive/MyDrive/Colab Notebooks/processed/image_red_103.jpg,red,0.3375,0.525,,,0.5171875,0.7541666667
VALIDATE,drive/MyDrive/Colab Notebooks/processed/image_red_104.jpg,red,0.178125,0.40625,,,0.346875,0.6270833333
TRAIN,drive/MyDrive/Colab Notebooks/processed/image_red_105.jpg,red,0.24375,0.2645833333,,,0.4046875,0.475
TRAIN,drive/MyDrive/Colab Notebooks/processed/image_yellow_50.jpg,yellow,0.428125,0.6541666667,,,0.6328125,0.9416666667
TRAIN,drive/MyDrive/Colab Notebooks/processed/image_yellow_51.jpg,yellow,0.296875,0.53125,,,0.5046875,0.8104166667
VALIDATE,drive/MyDrive/Colab Notebooks/processed/image_yellow_52.jpg,yellow,0.4375,0.5520833333,,,0.6359375,0.81875
TRAIN,drive/MyDrive/Colab Notebooks/processed/image_yellow_53.jpg,yellow,0.66875,0.5166666667,,,0.884375,0.79375
TRAIN,drive/MyDrive/Colab Notebooks/processed/image_yellow_54.jpg,yellow,0.3796875,0.3875,,,0.5796875,0.65625
TRAIN,drive/MyDrive/Colab Notebooks/processed/image_yellow_55.jpg,yellow,0.13125,0.2395833333,,,0.3484375,0.5125
TRAIN,drive/MyDrive/Colab Notebooks/processed/image_yellow_56.jpg,yellow,0.603125,0.2104166667,,,0.8125,0.4875
TRAIN,drive/MyDrive/Colab Notebooks/processed/image_yellow_57.jpg,yellow,0.6765625,0.5166666667,,,0.884375,0.7895833333
TRAIN,drive/MyDrive/Colab Notebooks/processed/image_yellow_58.jpg,yellow,0.659375,0.6041666667,,,0.86875,0.88125
TRAIN,drive/MyDrive/Colab Notebooks/processed/image_yellow_59.jpg,yellow,0.415625,0.5791666667,,,0.615625,0.85625
TRAIN,drive/MyDrive/Colab Notebooks/processed/image_yellow_60.jpg,yellow,0.20625,0.6645833333,,,0.4078125,0.9479166667
VALIDATE,drive/MyDrive/Colab Notebooks/processed/image_yellow_61.jpg,yellow,0.5375,0.38125,,,0.7359375,0.64375
TRAIN,drive/MyDrive/Colab Notebooks/processed/image_yellow_62.jpg,yellow,0.55625,0.2145833333,,,0.753125,0.4729166667
VALIDATE,drive/MyDrive/Colab Notebooks/processed/image_yellow_64.jpg,yellow,0.65625,0.50625,,,0.853125,0.7625
TRAIN,drive/MyDrive/Colab Notebooks/processed/image_yellow_66.jpg,yellow,0.553125,0.7791666667,,,0.703125,0.9916666667
TRAIN,drive/MyDrive/Colab Notebooks/processed/image_yellow_67.jpg,yellow,0.090625,0.7395833333,,,0.2671875,0.975
VALIDATE,drive/MyDrive/Colab Notebooks/processed/image_yellow_68.jpg,yellow,0.1359375,0.6833333333,,,0.3078125,0.9104166667
TRAIN,drive/MyDrive/Colab Notebooks/processed/image_yellow_69.jpg,yellow,0.3140625,0.6020833333,,,0.4859375,0.8416666667
TRAIN,drive/MyDrive/Colab Notebooks/processed/image_yellow_70.jpg,yellow,0.084375,0.5291666667,,,0.2671875,0.7666666667
TRAIN,drive/MyDrive/Colab Notebooks/processed/image_yellow_72.jpg,yellow,0.0859375,0.5958333333,,,0.3453125,0.9333333333
TRAIN,drive/MyDrive/Colab Notebooks/processed/image_yellow_73.jpg,yellow,0.4015625,0.6229166667,,,0.646875,0.96875
VALIDATE,drive/MyDrive/Colab Notebooks/processed/image_yellow_75.jpg,yellow,0.51875,0.58125,,,0.76875,0.91875
TRAIN,drive/MyDrive/Colab Notebooks/processed/image_yellow_76.jpg,yellow,0.55625,0.6354166667,,,0.8,0.9666666667
TRAIN,drive/MyDrive/Colab Notebooks/processed/image_yellow_78.jpg,yellow,0.490625,0.6479166667,,,0.6921875,0.9208333333
TRAIN,drive/MyDrive/Colab Notebooks/processed/image_yellow_79.jpg,yellow,0.478125,0.6104166667,,,0.5890625,0.7583333333
TRAIN,drive/MyDrive/Colab Notebooks/processed/image_yellow_80.jpg,yellow,0.5671875,0.7125,,,0.69375,0.8895833333
TRAIN,drive/MyDrive/Colab Notebooks/processed/image_yellow_81.jpg,yellow,0.546875,0.6479166667,,,0.6890625,0.8458333333
TRAIN,drive/MyDrive/Colab Notebooks/processed/image_yellow_82.jpg,yellow,0.403125,0.6,,,0.540625,0.7895833333
TRAIN,drive/MyDrive/Colab Notebooks/processed/image_yellow_83.jpg,yellow,0.3609375,0.59375,,,0.4953125,0.775
VALIDATE,drive/MyDrive/Colab Notebooks/processed/image_yellow_84.jpg,yellow,0.153125,0.64375,,,0.29375,0.8270833333
TRAIN,drive/MyDrive/Colab Notebooks/processed/image_yellow_85.jpg,yellow,0.21875,0.6458333333,,,0.409375,0.9